URL,Last crawled
https://www.infratex.com.au/products/drainage/InfraSheet18/,2025-11-06
https://www.infratex.com.au/products/gcls/InfraClay3700GL/,2025-11-05
https://www.infratex.com.au/products/drainage/VoidForma/,2025-11-03
https://www.infratex.com.au/products/drainage/,2025-11-03
https://www.infratex.com.au/products/geocells/InfraCell100-445/,2025-10-30
https://www.infratex.com.au/products/drainage/InfraSheet10/,2025-10-30
https://www.infratex.com.au/products/drainage/InfraStrip40-200/,2025-10-30
https://www.infratex.com.au/products/geotextiles/InfraThread400NW/,2025-10-29
https://www.infratex.com.au/products/drainage/InfraStrip25-200/,2025-10-29
https://www.infratex.com.au/products/geotextiles/InfraThread450NW/,2025-10-23
https://www.infratex.com.au/products/geocells/InfraCell150-445/,2025-10-18
https://www.infratex.com.au/products/geotextiles/InfraThread500NW/,2025-10-15
https://www.infratex.com.au/products/geogrids/InfraGrid5050/,2025-10-13
https://www.infratex.com.au/products/geotextiles/InfraJuteFelt/,2025-10-11
https://www.infratex.com.au/products/drainage/InfraStrip40-150/,2025-10-09
https://www.infratex.com.au/products/drainage/InfraSheet20/,2025-09-23
https://www.infratex.com.au/products/geocells/InfraCell75-445/,2025-08-23
https://www.infratex.com.au/products/geotextiles/InfraThread200NW/,2025-08-06
https://www.infratex.com.au/products/geocells/InfraCell200-445/,2025-08-05
https://www.infratex.com.au/products/geotextiles/InfraThread150NW/,2025-08-05
https://www.infratex.com.au/products/gcls/InfraClay4000G/,2025-08-04
https://www.infratex.com.au/products/drainage/InfraStrip40-300/,2025-07-28
https://www.infratex.com.au/products/geotextiles/InfraCoir500/,2025-07-28
https://www.infratex.com.au/products/geotextiles/InfraCoir300/,2025-07-17
https://www.infratex.com.au/products/geogrids/InfraGrid4545/,2025-06-11
https://www.infratex.com.au/products/geogrids/Composite Geogrid 50-150/,2025-05-27
https://www.infratex.com.au/products/gcls/InfraClay3300G/,2025-05-15
https://www.infratex.com.au/products/gcls/InfraClay3600GL/,2025-04-19
https://www.infratex.com.au/products/geogrids/InfraGrid2020/,2025-04-19
https://www.infratex.com.au/products/drainage/InfraStrip40-100/,2025-04-15
https://www.infratex.com.au/products/geogrids/InfraGridTX/,2025-04-14
https://www.infratex.com.au/products/gcls/InfraClay3700G/,2025-04-14
https://www.infratex.com.au/products/geogrids/InfraGrid4040/,2025-03-11
https://www.infratex.com.au/products/gcls/InfraClay4000P/,2025-03-10
https://www.infratex.com.au/products/drainage/InfraStrip25-300/,2025-03-10
https://www.infratex.com.au/products/drainage/InfraStrip25-100/,2025-03-10