Url,title
https://www.infratex.com.au/,Infratex
https://www.infratex.com.au/aboutus,About Us
https://www.infratex.com.au/applications,Applications
https://www.infratex.com.au/applications/civil_construction/,Civil Construction
https://www.infratex.com.au/applications/drainage_solutions/,Drainage Solutions
https://www.infratex.com.au/applications/erosion_control/,Erosion Control
https://www.infratex.com.au/applications/gcl_lining_solutions/,GCL Lining Solutions
https://www.infratex.com.au/applications/landscaping/,Landscaping
https://www.infratex.com.au/applications/mining/,Mining
https://www.infratex.com.au/applications/rail/,Rail
https://www.infratex.com.au/applications/renewables/,Renewables
https://www.infratex.com.au/applications/tunnel_drainage/,Tunnel Drainage
https://www.infratex.com.au/applications/waterways_coastal/,Waterways/Coastal
https://www.infratex.com.au/capabilities,Capabilities Statement
https://www.infratex.com.au/contact,Contact Us
https://www.infratex.com.au/knowledgebase/case-studies/,Case Studies
https://www.infratex.com.au/knowledgebase/technical-guides/,Technical Guides
https://www.infratex.com.au/products/,Product Categories
https://www.infratex.com.au/products/drainage-systems/,Drainage
https://www.infratex.com.au/products/drainage/,Drainage
https://www.infratex.com.au/products/drainage/VoidForma/,Void FormaÂ®
https://www.infratex.com.au/products/gcl/,Gcl
https://www.infratex.com.au/products/gcls/,Gcl
https://www.infratex.com.au/products/geocell/,Geocell
https://www.infratex.com.au/products/geocells/,Geocell
https://www.infratex.com.au/products/geogrid/,Geogrid
https://www.infratex.com.au/products/geogrid/InfraGridTX/,Triaxial Geogrid
https://www.infratex.com.au/products/geogrids/,Geogrid
https://www.infratex.com.au/products/geotextile/,Geotextile
https://www.infratex.com.au/products/geotextiles/,Geotextile
https://www.infratex.com.au/sustainability,Sustainability
